{"cameraMode":{"drawMode":0,"name":"Shaded","section":"Shading Mode"},"sceneLighting":false,"audioPlay":false,"sceneViewState":{"m_AlwaysRefresh":false,"showFog":true,"showSkybox":false,"showFlares":true,"showImageEffects":true,"showParticleSystems":true,"showVisualEffectGraphs":true,"m_FxEnabled":true},"in2DMode":false,"pivot":{"x":-0.115997314453125,"y":-3.635387897491455,"z":-0.15000000596046449},"rotation":{"x":0.011989429593086243,"y":-0.045010071247816089,"z":0.0005142925074324012,"w":0.9989386200904846},"size":6.23789119720459,"orthographic":true}